shabab		shababbb@gmail.com	01928374650		Male	5/11/2025	VIEW	
safir		safirrr@gmail.com	01928374650		Male	5/11/2025	VIEW	
mashrur		mashrurrr@gmail.com	01928374650		Male	5/11/2025	VIEW	
Romana	Parisian	shabab.ahmed2000sa+4144@gmail.com	01235721989	Apt. 062 29992 Sauer Pike, South Loycechester, WA 20828-3362	Male	5/11/2025	VIEW	
Janee	Murray	shabab.ahmed2000sa+4964@gmail.com	01231744365	9781 Emilio Crossing, Lanborough, AR 07556	Male	5/11/2025	VIEW	
Shabit	Rony	shabitalahi123+552@gmail.com	01704670152	Dhaka	Male	5/11/2025	VIEW	
Shabit	Rony	shabitalahi123+551@gmail.com	01704670152	Dhaka	Male	5/11/2025	VIEW	
Shakib	Rony	shabitalahi123+550@gmail.com	01704670151	20/5 Green Garden 27, North Manikdi, Dhaka Cantonment Dhaka-1206	Male	5/11/2025	VIEW	
Gavin	Durgan	gavin1746902551686@gmail.com	86051163097	278 Kub Rue	Male	5/11/2025	VIEW	
Samuel	Hills	samuel1746902454707@gmail.com	44753981802	44541 Okuneva Crescent	Male	5/11/2025	VIEW	
